TARIF,ACCES_PMR,GESTIONNAIRE,LOC,TYPE,LAT,LONG
payant,oui,Toilette publique  RATP,Cluny - La Sorbonne - 10,SANISETTE,48.85079575570429,2.3450308883652258
gratuit,oui,Toilette publique  RATP,Madeleine - 14,SANISETTE,48.869956563045214,2.3253476474582184
gratuit,non,Toilette publique  RATP,Charles de Gaulle - Etoile - A,SANISETTE,48.8740658,2.2951493
gratuit,oui,Toilette publique  RATP,La Defense (Grande Arche) - A,SANISETTE,48.891826754836515,2.237992043215619
gratuit,oui,Toilette publique  RATP,Nation - A,SANISETTE,48.8484803444062,2.39676520957729
gratuit,non,Toilette publique  RATP,Denfert-Rochereau - B,SANISETTE,48.8332144,2.3333365
gratuit,oui,Toilette publique  RATP,Robinson - fin de ligne - B,SANISETTE,48.78036417660201,2.2816982237256243
gratuit,oui,Toilette publique  RATP,Bibliotheque Francois Mitterrand - 14,SANISETTE,48.82978526345046,2.3776037993133134
gratuit,oui,Toilette publique  RATP,Cour Saint-Emilion - 14,SANISETTE,48.83346,2.38607
gratuit,oui,Toilette publique  RATP,Saint Lazare - 14,SANISETTE,48.87552856932788,2.324120111297863
gratuit,oui,Toilette publique  RATP,Charles de Gaulle - Etoile - A,SANISETTE,48.87346419088715,2.2963810880084012
gratuit,oui,Toilette publique  RATP,Chatelet - A,SANISETTE,48.858291026403705,2.3483281842513337
gratuit,oui,Toilette publique  RATP,Chatelet - A,SANISETTE,48.858857284381365,2.347769856742684
gratuit,oui,Toilette publique  RATP,Nanterre - Prefecture - A,SANISETTE,48.8971999,2.222709
gratuit,oui,Toilette publique  RATP,Noisy-le-Grand - Mont d'Est - A,SANISETTE,48.84078,2.54804
gratuit,oui,Toilette publique  RATP,Noisy-le-Grand - Mont d'Est - A,SANISETTE,48.84082,2.55154
gratuit,oui,Toilette publique  RATP,Saint-Maur - Creteil - A,SANISETTE,48.80641960896216,2.47204505094563
gratuit,oui,Toilette publique  RATP,Val d'Europe - A,SANISETTE,48.85549704826123,2.7736084332189748
gratuit,oui,Toilette publique  RATP,Villejuif - Louis Aragon - RDS,SANISETTE,48.78730304269838,2.3674101521293744
gratuit,non,Toilette publique  RATP,Bobigny - Pablo Picasso - 5,SANISETTE,48.90717445316718,2.4492666955791327
gratuit,oui,Toilette publique  RATP,Trocadero - 6,SANISETTE,48.86419500504601,2.2878473386642373
gratuit,oui,Toilette publique  RATP,Gare de Lyon - A,SANISETTE,48.84436,2.37291
gratuit,oui,Toilette publique  RATP,Marne-la-Vallee - Chessy - A,SANISETTE,48.86849697024026,2.7822597305629526
gratuit,oui,Toilette publique  RATP,Nogent-sur-Marne - A,SANISETTE,48.83510877417377,2.4716839161590887
gratuit,oui,Toilette publique  RATP,Gentilly - B,SANISETTE,48.8153713,2.3408362
gratuit,non,Toilette publique  RATP,Charles de Gaulle - Etoile - 1,SANISETTE,48.87445277569274,2.2963258094953476
gratuit,oui,Toilette publique  RATP,Villejuif - Louis Aragon - 7,SANISETTE,48.78730304269838,2.3674101521293744
gratuit,oui,Toilette publique  RATP,Asnieres-Gennevilliers - Les Courtilles - 13,SANISETTE,48.93074305254229,2.283951123396349
gratuit,oui,Toilette publique  RATP,Pyramides - 14,SANISETTE,48.8656737,2.3344599
gratuit,oui,Toilette publique  RATP,Nanterre - Ville - A,SANISETTE,48.8950462710121,2.1956095209931936
gratuit,oui,Toilette publique  RATP,Saint-Germain-en-Laye - A,SANISETTE,48.8979364,2.0948768
gratuit,oui,Toilette publique  RATP,Gif-sur-Yvette - B,SANISETTE,48.6981859,2.1367431
gratuit,oui,Toilette publique  RATP,Laplace - B,SANISETTE,48.80784404743202,2.3330228065226883
gratuit,oui,Toilette publique  RATP,Les Agnettes - 13,SANISETTE,48.92317699378374,2.28605910172606
gratuit,oui,Toilette publique  RATP,Bercy - 14,SANISETTE,48.84019224440348,2.3794772572660587
gratuit,oui,Toilette publique  RATP,Gare de Lyon - 14,SANISETTE,48.84391523960347,2.3728897698814633
gratuit,oui,Toilette publique  RATP,Olympiades - 14,SANISETTE,48.8269104,2.3661972
gratuit,oui,Toilette publique  RATP,Auber - A,SANISETTE,48.8731477,2.3295277
gratuit,oui,Toilette publique  RATP,Chatelet - A,SANISETTE,48.8622381,2.345496
gratuit,oui,Toilette publique  RATP,Nanterre - Universite - A,SANISETTE,48.901251906231444,2.21599944
gratuit,oui,Toilette publique  RATP,Rueil-Malmaison - A,SANISETTE,48.88722206053287,2.170623204930391
gratuit,oui,Toilette publique  RATP,Antony - B,SANISETTE,48.75482748503882,2.3008650705983067
gratuit,oui,Toilette publique  RATP,Arcueil Cachan - B,SANISETTE,48.798366,2.327766
gratuit,oui,Toilette publique  RATP,Bourg-la-Reine - B,SANISETTE,48.78005093776892,2.3121626259597874
gratuit,non,Toilette publique  RATP,Cite Universitaire - B,SANISETTE,48.8205877,2.3390071
gratuit,oui,Toilette publique  RATP,Massy - Palaiseau - B,SANISETTE,48.725109,2.2606361
gratuit,oui,Toilette publique  RATP,Saint-Remy-les-Chevreuse - B,SANISETTE,48.70286868424979,2.070600214521146
gratuit,Oui,Paris,92102  RUE BLOMET 75015.0,SANISETTE,48.84090598651907,2.300280980817689
gratuit,Oui,Paris,29  RUE MANIN 75019.0,SANISETTE,48.87861935487687,2.3782622313212527
gratuit,Oui,Paris,RUE DE CRIMEE 75019.0,SANISETTE,48.88883561898796,2.3790339650916446
gratuit,Oui,Paris,213  RUE DE BELLEVILLE 75019.0,SANISETTE,48.87544598661789,2.394776616457134
gratuit,Oui,Paris,64  RUE DU VOLGA 75020.0,SANISETTE,48.85271966367163,2.4089887074025595
gratuit,Oui,Paris,face au 375 RUE DES PYRENEES 75020.0,SANISETTE,48.87368018535096,2.389751715108938
gratuit,Oui,Paris,8  RUE D ARCOLE nan,SANISETTE,48.8540198901374,2.3493988910325565
gratuit,Oui,Paris,face au 12 RUE DE BABYLONE nan,SANISETTE,48.851626831079074,2.325180137951545
gratuit,Oui,Paris,face au 4 AVENUE DE MESSINE nan,SANISETTE,48.87541798841174,2.3151151715527374
gratuit,Oui,Paris,29  RUE ROLAND BARTHES 75012.0,SANISETTE,48.8444926838465,2.3774441851341352
gratuit,Oui,Paris,259 bis AVENUE DAUMESNIL 75012.0,SANISETTE,48.83651368622266,2.4043941454835926
gratuit,Oui,Paris,117  BOULEVARD VINCENT AURIOL 75013.0,SANISETTE,48.833717304602885,2.36512631285455
gratuit,Oui,Paris,46  RUE CHARLES MOUREU 75013.0,SANISETTE,48.829082146443014,2.3607783123277315
gratuit,Oui,Paris,face au 40 AVENUE REILLE 75014.0,SANISETTE,48.82444207894634,2.338538930462
gratuit,Oui,Paris,RUE DES MARINIERS 75014.0,SANISETTE,48.82760820526359,2.3111981116311777
gratuit,Non,Paris,JARDIN DE L'HOPITAL SAINTE-PERINE 75016.0,TOILETTES,48.84484410447445,2.2691726044395395
gratuit,Non,Paris,JARDIN PAUL DIDIER 75017.0,TOILETTES,48.89546130163387,2.320485641136297
gratuit,Non,Paris,JARDIN TINO ROSSI - MUSEE DE LA SCULPTURE EN PLEIN AIR 75005.0,TOILETTES,48.84824348066088,2.3591336603820756
gratuit,Non,Paris,RUE BOSSUET 75010.0,URINOIR,48.878782534922934,2.3523454278624474
gratuit,Oui,Paris,38  RUE CAMBRONNE 75015.0,SANISETTE,48.84552661355718,2.301897943958141
gratuit,Oui,Paris,37  RUE MIRABEAU 75016.0,SANISETTE,48.84593889811058,2.2690815555105677
gratuit,Oui,Paris,96 ter RUE LEMERCIER 75017.0,SANISETTE,48.88942282181049,2.318866697645445
gratuit,Oui,Paris,26 bis AVENUE CORENTIN CARIOU 75019.0,SANISETTE,48.89731268179251,2.3856533556850783
gratuit,Oui,Paris,101  RUE ALEXANDRE DUMAS 75020.0,SANISETTE,48.855403987768895,2.400081520777228
gratuit,Oui,Paris,face au 121 RUE DES PYRENEES 75020.0,SANISETTE,48.85704901565088,2.404517268525465
gratuit,Oui,Paris,171  RUE DES PYRENEES 75020.0,SANISETTE,48.86001571292929,2.401021510043811
gratuit,Oui,Paris,73  RUE REAUMUR nan,SANISETTE,48.86679354360574,2.349571365122188
gratuit,Oui,Paris,2  RUE DES QUATRE FILS nan,SANISETTE,48.860059866028,2.360700687397763
gratuit,Oui,Paris,135 bis BOULEVARD DU MONTPARNASSE nan,SANISETTE,48.841202569450836,2.3323286043872686
gratuit,Oui,Paris,75  BOULEVARD SAINT GERMAIN nan,SANISETTE,48.851388278836424,2.342803068261683
gratuit,Oui,Paris,BOULEVARD MALESHERBES nan,SANISETTE,48.87072323445267,2.323053984722453
gratuit,Oui,Paris,11  AVENUE TRUDAINE nan,SANISETTE,48.88166539264047,2.3455162634729594
gratuit,Oui,Paris,PLACE DU COLONEL FABIEN 75010.0,SANISETTE,48.87798177436245,2.3700838988336903
gratuit,Oui,Paris,111  AVENUE DAUMESNIL 75012.0,SANISETTE,48.84498445223605,2.380317848061394
gratuit,Oui,Paris,AVENUE CLAUDE REGAUD 75013.0,SANISETTE,48.822344736321774,2.372763643662198
gratuit,Oui,Paris,117  BOULEVARD MASSENA 75013.0,SANISETTE,48.81958369499793,2.363982338246427
gratuit,Oui,Paris,face au 14 AVENUE RENE COTY 75014.0,SANISETTE,48.83036895346168,2.3338341695483735
gratuit,Oui,Paris,SQUARE RENE LE GALL 75013.0,TOILETTES,48.83133948649257,2.348139168393053
gratuit,Non,Paris,JARDIN GEORGES DUHAMEL 75013.0,TOILETTES,48.831979630954024,2.377715670547634
gratuit,Non,Paris,JARDIN BERTHE MORISOT 75013.0,TOILETTES,48.82620278372308,2.3748345010462204
gratuit,Non,Paris,JARDIN DURANTON 75015.0,TOILETTES,48.84127765140588,2.285555470390217
gratuit,Non,Paris,JARDIN D'EOLE - TERRAIN DE BASKET 75018.0,URINOIR,48.886195073546475,2.3647744455735316
gratuit,Non,Paris,SQUARE EMMANUEL FLEURY 75020.0,TOILETTES,48.8708129956025,2.4112649560808945
gratuit,Non,Paris,JARDIN MEDIEVAL DU MUSEE DE CLUNY 75005.0,TOILETTES,48.85081103124964,2.344087165266142
gratuit,Oui,Paris,SQUARE LOUIS MAJORELLE 75011.0,TOILETTES,48.85199247850565,2.3809240060504635
gratuit,Non,Paris,SQUARE RUES BELLEVILLE - TELEGRAPHE 75020.0,TOILETTES,48.87498498901931,2.3992812545787996
gratuit,Oui,Paris,BOIS DE VINCENNES - PARC FLORAL DE PARIS - CHATEAU 75012.0,TOILETTES,48.8399284317324,2.4407682131047346
gratuit,Oui,Paris,AVENUE PAUL DOUMER 75016.0,SANISETTE,48.862157963392185,2.2863820335704474
gratuit,Oui,Paris,22  RUE GROS 75016.0,SANISETTE,48.85129267928767,2.2754887611742216
gratuit,Oui,Paris,25  AVENUE DE CLICHY 75017.0,SANISETTE,48.88565931519143,2.3263436237887074
gratuit,Oui,Paris,RUE DE L'EVANGILE 75018.0,SANISETTE,48.89149999854925,2.361214699113301
gratuit,Oui,Paris,154  RUE D AUBERVILLIERS 75019.0,SANISETTE,48.893384136510086,2.3698556399042014
gratuit,Oui,Paris,177  AVENUE DE FLANDRE 75019.0,SANISETTE,48.89474105377586,2.3820269079458583
gratuit,Oui,Paris,3  RUE BOTZARIS 75019.0,SANISETTE,48.877863914358414,2.3812508300153574
gratuit,Oui,Paris,face au 45 AVENUE SIMON BOLIVAR 75019.0,SANISETTE,48.87623316458193,2.3805412942459827
gratuit,Oui,Paris,1  RUE DE BUZENVAL 75020.0,SANISETTE,48.84910044336136,2.4025839288873616
gratuit,Oui,Paris,69  BOULEVARD DE SEBASTOPOL nan,SANISETTE,48.86366249322703,2.3509627364168146
gratuit,Oui,Paris,123  RUE SAINT MARTIN nan,SANISETTE,48.86079042790049,2.3513157501216657
gratuit,Oui,Paris,186  BOULEVARD SAINT GERMAIN nan,SANISETTE,48.854428127216,2.330995211131629
gratuit,Oui,Paris,51  BOULEVARD DE COURCELLES nan,SANISETTE,48.879227198587344,2.3040281645767915
gratuit,Oui,Paris,4  AVENUE FRANKLIN D ROOSEVELT nan,SANISETTE,48.87014131314519,2.3101609181601725
gratuit,Oui,Paris,21  RUE D AMSTERDAM nan,SANISETTE,48.877605646896434,2.327036875810607
gratuit,Oui,Paris,79 bis RUE LA FAYETTE nan,SANISETTE,48.87674207808279,2.3468526523385034
gratuit,Oui,Paris,2  AVENUE DE BOUVINES 75011.0,SANISETTE,48.84957781951283,2.3963021065433465
gratuit,Oui,Paris,opposé au 52 bis BOULEVARD RICHARD LENOIR 75011.0,SANISETTE,48.85930978120497,2.37200200665522
gratuit,Oui,Paris,36  AVENUE DAUMESNIL 75012.0,SANISETTE,48.849239292689276,2.3710836819740453
gratuit,Oui,Paris,face au 98 QUAI DE LA RAPEE 75012.0,SANISETTE,48.84600859329504,2.3670278056575538
gratuit,Oui,Paris,SQUARE EMILE COHL 75012.0,SANISETTE,48.84199920626392,2.4098957524618534
gratuit,Oui,Paris,opposé au 17 BOULEVARD AUGUSTE BLANQUI 75013.0,SANISETTE,48.83062624643756,2.3533725291965792
gratuit,Oui,Paris,RUE DU FAUBOURG SAINT MARTIN 75010.0,SANISETTE,48.875749513351415,2.3604635760802046
gratuit,Oui,Paris,3  RUE AMBROISE PARE 75010.0,SANISETTE,48.881814396150844,2.3532383458565085
gratuit,Oui,Paris,JARDINS DE LA PORTE DE SAINT CLOUD 75016.0,TOILETTES,48.835869491249895,2.254693572298353
gratuit,Oui,Paris,SQUARE CARPEAUX 75018.0,TOILETTES,48.891476402292284,2.331619279991791
gratuit,Non,Paris,SQUARE DE LA TOUR SAINT-JACQUES 75004.0,TOILETTES,48.85778654782919,2.349321271888649
gratuit,Oui,Paris,SQUARE SAMUEL ROUSSEAU 75007.0,TOILETTES,48.85917224498334,2.3195828826299327
gratuit,Non,Paris,JARDIN CATHERINE LABOURE 75007.0,TOILETTES,48.85140130471326,2.320485393255728
gratuit,Oui,Paris,JARDIN SERGE GAINSBOURG 75019.0,TOILETTES,48.87834464094732,2.408116526394868
gratuit,Non,Paris,JARDINS ROSA LUXEMBOURG 75018.0,TOILETTES,48.88975238967336,2.3635013249014523
gratuit,Oui,Paris,SQUARE DU SERMENT DE KOUFRA 75014.0,TOILETTES,48.822256265999734,2.323600153804334
gratuit,Oui,Paris,76  RUE BRANCION 75015.0,SANISETTE,48.83192956134313,2.3027334854195187
gratuit,Oui,Paris,277  RUE DE VAUGIRARD 75015.0,SANISETTE,48.83966605396287,2.301959067980263
gratuit,Oui,Paris,86  RUE DE LA FEDERATION 75015.0,SANISETTE,48.85284635560979,2.2979882855396836
gratuit,Oui,Paris,BOULEVARD SUCHET 75016.0,SANISETTE,48.86236196660649,2.2682280857896506
gratuit,Oui,Paris,face au 21 AVENUE DU GENERAL SARRAIL 75016.0,SANISETTE,48.845813121421486,2.255987040827983
gratuit,Oui,Paris,16  AVENUE DU PARC DES PRINCES 75016.0,SANISETTE,48.84122995590826,2.254610908740306
gratuit,Oui,Paris,45 BOULEVARD MARGUERITE DE ROCHECHOUART 75009.0,SANISETTE,48.88273669644903,2.3433914031972214
gratuit,Oui,Paris,135  RUE DAMREMONT 75018.0,SANISETTE,48.8965489204548,2.3382696834994747
gratuit,Oui,Paris,9  BOULEVARD NEY 75018.0,SANISETTE,48.89775890686294,2.3416420008837497
gratuit,Oui,Paris,RUE DU PRES SAINT-GERVAIS 75019.0,SANISETTE,48.876186042326026,2.3930155080426063
gratuit,Oui,Paris,92  RUE CURIAL 75019.0,SANISETTE,48.895834539709824,2.3756614735418387
gratuit,Oui,Paris,AVENUE DE LA PORTE BRUNET 75019.0,SANISETTE,48.88389762041914,2.3978596801042724
gratuit,Oui,Paris,100  AVENUE DE FLANDRE 75019.0,SANISETTE,48.89096040821487,2.3772430004310534
gratuit,Oui,Paris,PLACE DE L ADJUDANT VINCENOT 75020.0,SANISETTE,48.870690811293336,2.409358996058924
gratuit,Oui,Paris,24  RUE SAINT FARGEAU 75020.0,SANISETTE,48.871554163366646,2.402140186133077
gratuit,Oui,Paris,9  RUE COQUILLIERE nan,SANISETTE,48.8635474009773,2.3424722986932665
gratuit,Oui,Paris,RUE SAINT ANTOINE nan,SANISETTE,48.85530319788792,2.360419701884549
gratuit,Oui,Paris,21 bis BOULEVARD BOURDON nan,SANISETTE,48.849930706291325,2.366735495873733
gratuit,Oui,Paris,face au 50 RUE DE RIVOLI nan,SANISETTE,48.85678942451888,2.354183092290367
gratuit,Oui,Paris,face au 75 bis RUE MONGE nan,SANISETTE,48.84312297015192,2.3520729839787404
gratuit,Oui,Paris,26  RUE BUFFON nan,SANISETTE,48.841308049754275,2.3562246831176648
gratuit,Oui,Paris,85  BOULEVARD RASPAIL nan,SANISETTE,48.84768309080963,2.327969092306715
gratuit,Oui,Paris,PLACE VAUBAN nan,SANISETTE,48.853625040539285,2.3113196527380353
gratuit,Oui,Paris,face au 81 QUAI DE VALMY 75010.0,SANISETTE,48.87258118624698,2.3640739177876418
gratuit,Oui,Paris,82  AVENUE DE LA REPUBLIQUE 75011.0,SANISETTE,48.86424208661518,2.3795231213828707
gratuit,Oui,Paris,123  BOULEVARD RICHARD LENOIR 75011.0,SANISETTE,48.865841562591655,2.369377340131359
gratuit,Oui,Paris,1129  BOULEVARD JULES FERRY 75011.0,SANISETTE,48.86729232571321,2.3685754962018137
gratuit,Oui,Paris,6  AVENUE COURTELINE 75012.0,SANISETTE,48.844093326334296,2.4112654731297694
gratuit,Oui,Paris,126  BOULEVARD DE L HOPITAL 75013.0,SANISETTE,48.834805438287674,2.3578058508851236
gratuit,Oui,Paris,5  BOULEVARD KELLERMANN 75013.0,SANISETTE,48.81897694760634,2.3575912185485213
gratuit,Oui,Paris,90  RUE DE TOLBIAC 75013.0,SANISETTE,48.82683406786535,2.3645813652403858
gratuit,Oui,Paris,100  BOULEVARD AUGUSTE BLANQUI 75013.0,SANISETTE,48.83113397852206,2.344431701329784
gratuit,Oui,Paris,opposé au 41 RUE ESQUIROL 75013.0,SANISETTE,48.835822547644895,2.3600487107112333
gratuit,Oui,Paris,103  BOULEVARD BRUNE 75014.0,SANISETTE,48.825685892245296,2.3150536241547286
gratuit,Oui,Paris,AVENUE DU MAINE 75014.0,SANISETTE,48.83226021863131,2.325309655442211
gratuit,Oui,Paris,51  QUAI DE VALMY 75010.0,SANISETTE,48.87027367959495,2.3658633877207897
gratuit,Non,Paris,PARC KELLERMANN 75013.0,TOILETTES,48.81857910392336,2.3549329205738974
gratuit,Non,Paris,JARDIN DU MOULIN DE LA POINTE 75013.0,TOILETTES,48.82101412751667,2.356788716578499
gratuit,Non,Paris,JARDIN JEAN-CLAUDE NICOLAS FORESTIER 75013.0,TOILETTES,48.81884809913537,2.348072406221041
gratuit,Non,Paris,PARC DES BUTTES CHAUMONT 75019.0,TOILETTES,48.878124294408764,2.3799274686578755
gratuit,Non,Paris,JARDIN ATLANTIQUE 75015.0,TOILETTES,48.83980953472804,2.3196854419006425
gratuit,Non,Paris,SQUARE DES BATIGNOLLES 75017.0,TOILETTES,48.887198683574034,2.3172497877998164
gratuit,Non,Paris,SQUARE DES EPINETTES 75017.0,TOILETTES,48.894764964434124,2.3268502410672474
gratuit,Oui,Paris,SQUARE JULES VERNE 75011.0,TOILETTES,48.87001971632358,2.3752938045713656
gratuit,Oui,Paris,JARDIN DU PORT DE L'ARSENAL 75012.0,TOILETTES,48.84888019194627,2.3676189218822197
gratuit,Non,Paris,BOIS DE VINCENNES - DAUMESNIL 75012.0,TOILETTES,48.83277762088802,2.414299848616877
gratuit,Non,Paris,PARC MONTSOURIS 75014.0,TOILETTES,48.82376169991306,2.3369443320563086
gratuit,Oui,Paris,Parc Rives de Seine 75001.0,WC PUBLICS PERMANENTS,48.85785376524151,2.344286199307675
gratuit,Oui,Paris,Avenue des Champs-Elysées 75008.0,LAVATORY,48.867262574141115,2.317089878279596
gratuit,Oui,Paris,AVENUE DE SUFFREN 75015.0,SANISETTE,48.846023120096504,2.308909490180236
gratuit,Oui,Paris,face au 170 RUE DE LOURMEL 75015.0,SANISETTE,48.839092109817905,2.282556463784303
gratuit,Oui,Paris,25  AVENUE DE LOWENDAL 75015.0,SANISETTE,48.849184708415834,2.3035640343865422
gratuit,Oui,Paris,opposé au 17 RUE RENE BINET 75018.0,SANISETTE,48.89928991429743,2.3405303893401146
gratuit,Oui,Paris,face au 52 BOULEVARD DE ROCHECHOUART 75018.0,SANISETTE,48.88324708107194,2.3459061828144248
gratuit,Oui,Paris,57  RUE DE LA CHAPELLE 75018.0,SANISETTE,48.89508955698618,2.358838883116349
gratuit,Oui,Paris,face au 90 BOULEVARD DE LA CHAPELLE 75018.0,SANISETTE,48.884078653316436,2.3534292671943193
gratuit,Oui,Paris,7  RUE DE CAMBRAI 75019.0,SANISETTE,48.895495351952356,2.3789629758483417
gratuit,Oui,Paris,RUE BOTZARIS 75019.0,SANISETTE,48.87938389016798,2.384420443356067
gratuit,Oui,Paris,face au 12 RUE BELGRAND 75020.0,SANISETTE,48.864879404082494,2.4007780609553024
gratuit,Oui,Paris,34  RUE DURIS 75020.0,SANISETTE,48.86596750742653,2.3876318327161696
gratuit,Oui,Paris,23  BOULEVARD DE SEBASTOPOL nan,SANISETTE,48.85985523410491,2.348837230656095
gratuit,Oui,Paris,BOULEVARD DE SEBASTOPOL nan,SANISETTE,48.8648280162637,2.35161126358933
gratuit,Oui,Paris,RUE ORTOLON nan,SANISETTE,48.8431945688025,2.3505902463720973
gratuit,Oui,Paris,2  AVENUE MARCEAU nan,SANISETTE,48.86519333667549,2.3001834460794393
gratuit,Oui,Paris,1  AVENUE DE VERDUN 75010.0,SANISETTE,48.876304046298976,2.3613957718443395
gratuit,Oui,Paris,26  PLACE JEANNE D ARC 75013.0,SANISETTE,48.829779950288575,2.368968163478484
gratuit,Oui,Paris,44  BOULEVARD VINCENT AURIOL 75013.0,SANISETTE,48.83523926554277,2.368782607297408
gratuit,Oui,Paris,3  BOULEVARD DE L HOPITAL 75013.0,SANISETTE,48.84307404437706,2.364334002626625
gratuit,Oui,Paris,face au 297 BOULEVARD RASPAIL 75014.0,SANISETTE,48.83481048849861,2.332118769771475
gratuit,Oui,Paris,SQUARE DE L'AVENUE BOUTROUX 75013.0,TOILETTES,48.82166499053291,2.375899565672565
gratuit,Non,Paris,SQUARE DES CHAMAILLARDS 75013.0,TOILETTES,48.82536366522392,2.3694295007426427
gratuit,Oui,Paris,SQUARE SAINT-ELOI 75012.0,TOILETTES,48.84457582856606,2.387662295775836
gratuit,Oui,Paris,PARC MONTSOURIS 75014.0,TOILETTES,48.82416257802962,2.339848934049351
gratuit,Non,Paris,PARC DES BUTTES CHAUMONT 75019.0,TOILETTES,48.88014301552132,2.3803345581319464
gratuit,Oui,Paris,PARC CLICHY-BATIGNOLLES - MARTIN LUTHER KING 75017.0,TOILETTES,48.889170022687885,2.3153725544851533
gratuit,Oui,Paris,PARC DE PASSY 75016.0,TOILETTES,48.8553646405576,2.2829801125761007
gratuit,Non,Paris,JARDIN EMILE GALLE 75011.0,TOILETTES,48.85378509897565,2.3904653022388125
gratuit,Non,Paris,SQUARE FROT-PHALSBOURG 75011.0,TOILETTES,48.85582536021133,2.3853941164721735
gratuit,Oui,Paris,JARDIN DE REUILLY - PAUL PERNIN 75012.0,TOILETTES,48.84285653768209,2.388283524133827
gratuit,Non,Paris,JARDIN CASQUE D'OR 75020.0,TOILETTES,48.85392001443604,2.4012137756162164
gratuit,Oui,Paris,1  PLACE VIOLET 75015.0,SANISETTE,48.84479730746867,2.290479546332364
gratuit,Oui,Paris,face au 12 PLACE DES ETATS UNIS 75016.0,SANISETTE,48.86830253319043,2.293740160699616
gratuit,Oui,Paris,face au 2 AVENUE DE WAGRAM 75017.0,SANISETTE,48.87494771234444,2.295697431651681
gratuit,Oui,Paris,72  AVENUE DE VILLIERS 75017.0,SANISETTE,48.884027564002565,2.3042061799186198
gratuit,Oui,Paris,2  RUE MONTCALM 75018.0,SANISETTE,48.89178882470802,2.335221479388063
gratuit,Oui,Paris,RUE GERARD DE NERVAL 75018.0,SANISETTE,48.90059318004156,2.33510623705152
gratuit,Oui,Paris,60  BOULEVARD DE LA CHAPELLE 75018.0,SANISETTE,48.884205159907864,2.355151477096698
gratuit,Oui,Paris,face au 5 AVENUE DE LAUMIERE 75019.0,SANISETTE,48.88302878255986,2.381421987092033
gratuit,Oui,Paris,14  RUE MEYNADIER 75019.0,SANISETTE,48.883501985506584,2.3834505083083677
gratuit,Oui,Paris,213  AVENUE JEAN JAURES 75019.0,SANISETTE,48.888951442257486,2.393095759882974
gratuit,Oui,Paris,6  AVENUE DE LA PORTE DE MONTREUIL 75020.0,SANISETTE,48.85380970359548,2.4115163834644875
gratuit,Oui,Paris,117  RUE MONTMARTRE nan,SANISETTE,48.86874906648296,2.343235945649156
gratuit,Oui,Paris,RUE CUVIER nan,SANISETTE,48.84439660262885,2.3603946971559515
gratuit,Oui,Paris,COURS LA REINE nan,SANISETTE,48.86514883797138,2.318088034663091
gratuit,Oui,Paris,opposé au 44 AVENUE GABRIEL nan,SANISETTE,48.869470956238764,2.31276020722228
gratuit,Oui,Paris,SQUARE ALBAN SATRAGNE 75010.0,SANISETTE,48.87578071143161,2.3558626724604177
gratuit,Oui,Paris,3  RUE DE MONTREUIL 75011.0,SANISETTE,48.850431570799614,2.3840379632151385
gratuit,Oui,Paris,face au 170 AVENUE LEDRU ROLLIN 75011.0,SANISETTE,48.85704278201932,2.3793514782140166
gratuit,Oui,Paris,151  BOULEVARD VINCENT AURIOL 75013.0,SANISETTE,48.832713522967,2.3615805510960683
gratuit,Oui,Paris,70  BOULEVARD JOURDAN 75014.0,SANISETTE,48.82262985130539,2.328856513435701
gratuit,Non,Paris,SQUARE VIOLET 75015.0,TOILETTES,48.844292287340586,2.2891995647697234
gratuit,Oui,Paris,SQUARE PIERRE-ADRIEN DALPAYRAT 75015.0,TOILETTES,48.83776398633028,2.313031069862712
gratuit,Non,Paris,SQUARE EMMANUEL FLEURY 75020.0,TOILETTES,48.869910698557405,2.4110869136134663
gratuit,Non,Paris,SQUARE VAN VOLLENHOVEN 75012.0,TOILETTES,48.834706801799896,2.406786549937932
gratuit,Oui,Paris,SQUARE MONSEIGNEUR MAILLET 75019.0,TOILETTES,48.87669393559697,2.3931583823685254
gratuit,Oui,Paris,PARC DES BUTTES CHAUMONT 75019.0,TOILETTES,48.882377973295455,2.382779015108048
gratuit,Non,Paris,SQUARE DES SAINTS-SIMONIENS - MENILMONTANT 75020.0,TOILETTES,48.8708534006859,2.396969579365494
gratuit,Non,Paris,SQUARE ALEX BISCARRE 75009.0,TOILETTES,48.87858749857325,2.336728381553658
gratuit,Oui,Paris,BOIS DE VINCENNES - PLATEAU DE SAINT-MANDE 75012.0,TOILETTES,48.84310448292203,2.420418982190452
gratuit,Non,Paris,JARDIN TINO ROSSI - MUSEE DE LA SCULPTURE EN PLEIN AIR 75005.0,URINOIR FEMME,48.848303082096535,2.359059981372502
gratuit,,Paris,Boulevard Arago 75014.0,WC PUBLICS PERMANENTS,48.83468779460271,2.3408276922295355
gratuit,Oui,Paris,face au 57 BOULEVARD LEFEBVRE 75015.0,SANISETTE,48.830961567192446,2.2918340857566566
gratuit,Oui,Paris,face au 200 RUE DE LA CONVENTION 75015.0,SANISETTE,48.83718929817781,2.296801972420026
gratuit,Oui,Paris,face au 6 RUE DESNOUETTES 75015.0,SANISETTE,48.83604524670522,2.2934177769483286
gratuit,Oui,Paris,101  BOULEVARD DE MONTMORENCY 75016.0,SANISETTE,48.8483316153724,2.2605336150734368
gratuit,Oui,Paris,8 RUE COQUILLIERE 75001.0,SANISETTE,48.863289898304444,2.343502404915637
gratuit,Oui,Paris,35 RUE D'ALSACE 75010.0,SANISETTE,48.87867050061784,2.3585432983440064
gratuit,Oui,Paris,84 BOULEVARD VOLTAIRE 75011.0,SANISETTE,48.86057661085113,2.3745988243549156
gratuit,Oui,Paris,face au 36 RUE LEIBNIZ 75018.0,SANISETTE,48.896429139789866,2.3346274255529527
gratuit,Oui,Paris,296  RUE DES PYRENEES 75020.0,SANISETTE,48.871931093994846,2.392052330778927
gratuit,Oui,Paris,BOULEVARD MORTIER 75020.0,SANISETTE,48.875944318964045,2.4069893470423627
gratuit,Oui,Paris,25  BOULEVARD DE LA VILLETTE 75010.0,SANISETTE,48.87348074198408,2.37528176990251
gratuit,Oui,Paris,face au 4 AVENUE CLAUDE VELLEFAUX 75010.0,SANISETTE,48.872315075210196,2.369583030462243
gratuit,Oui,Paris,face au 28 RUE DU GENERAL GUILHEM 75011.0,SANISETTE,48.86230061990073,2.3790513927528196
gratuit,Oui,Paris,58  AVENUE DE LA REPUBLIQUE 75011.0,SANISETTE,48.86489721503484,2.376082810937389
gratuit,Oui,Paris,18  RUE ERARD 75012.0,SANISETTE,48.845592298253614,2.3849164360974444
gratuit,Oui,Paris,8  RUE DE LYON 75012.0,SANISETTE,48.84745150202467,2.37177589149407
gratuit,Oui,Paris,79  BOULEVARD KELLERMANN 75013.0,SANISETTE,48.819969758397754,2.3477269320555765
gratuit,Oui,Paris,61  BOULEVARD DE LA VILLETTE 75010.0,SANISETTE,48.87619604525084,2.3721835445606665
gratuit,Oui,Paris,12  PLACE DE LA REPUBLIQUE 75010.0,SANISETTE,48.86839539424431,2.363409140558088
gratuit,Non,Paris,SQUARE HELOISE ET ABELARD 75013.0,TOILETTES,48.831220695011346,2.3698547770852607
gratuit,Non,Paris,SQUARE DU CARDINAL WYSZINSKI 75014.0,TOILETTES,48.83654537380638,2.316402806531695
gratuit,Oui,Paris,JARDIN DE L'HOPITAL SAINTE-PERINE 75016.0,TOILETTES,48.84381761455925,2.268511280811586
gratuit,Non,Paris,JARDIN DE L'HOPITAL SAINTE-PERINE 75016.0,TOILETTES,48.84388177705817,2.268623313467747
gratuit,Oui,Paris,SQUARE DE LA RUE CHARLES HERMITE 75018.0,TOILETTES,48.89989642935981,2.366573419652228
gratuit,Non,Paris,PARC DES BUTTES CHAUMONT 75019.0,TOILETTES,48.88106418436492,2.387309056086508
gratuit,Non,Paris,SQUARE DES MISSIONS ETRANGERES 75007.0,TOILETTES,48.85240888634458,2.324502934107625
gratuit,Oui,Paris,199  AVENUE DU MAINE 75014.0,SANISETTE,48.82961024511326,2.3263079060218033
gratuit,Oui,Paris,83  RUE DESNOUETTES 75015.0,SANISETTE,48.83462852331886,2.284141147850295
gratuit,Oui,Paris,6  BOULEVARD PASTEUR 75015.0,SANISETTE,48.84473649708047,2.3110142464028285
gratuit,Oui,Paris,face au 41 RUE DES MORILLONS 75015.0,SANISETTE,48.83312572463117,2.2994986792906738
gratuit,Oui,Paris,170  AVENUE DE VERSAILLES 75016.0,SANISETTE,48.83985538119863,2.2630781408913743
gratuit,Oui,Paris,9  QUAI LOUIS BLERIOT 75016.0,SANISETTE,48.85083039519224,2.2778909899782995
gratuit,Oui,Paris,64  AVENUE DE LA GRANDE ARMEE 75017.0,SANISETTE,48.87692989046236,2.2859503097570175
gratuit,Oui,Paris,face au 118 BOULEVARD DE CLICHY 75018.0,SANISETTE,48.8843823956645,2.3302749974414314
gratuit,Oui,Paris,PLACE DES ABBESSES nan,SANISETTE,48.884530709513804,2.338685892541593
gratuit,Oui,Paris,43  BOULEVARD BARBES 75018.0,SANISETTE,48.88849413840531,2.349430631664718
gratuit,Oui,Paris,11  RUE FRANCIS DE CROISSET 75018.0,SANISETTE,48.899388215542245,2.3444579980601805
gratuit,Oui,Paris,AVENUE DE LA PORTE DE CLIGNANCOURT 75018.0,SANISETTE,48.9011330331849,2.344441605047738
gratuit,Oui,Paris,44  RUE BERGER nan,SANISETTE,48.86234030275965,2.3422032218291124
gratuit,Oui,Paris,QUAI DE GESVRES nan,SANISETTE,48.856486160078234,2.3497964639684517
gratuit,Oui,Paris,32  AVENUE GEORGE V nan,SANISETTE,48.868840348754716,2.3012200811935104
gratuit,Oui,Paris,8  PLACE LEON BLUM 75011.0,SANISETTE,48.85831317893598,2.3802426669536034
gratuit,Oui,Paris,3  RUE MAURICE NOGUES 75014.0,SANISETTE,48.826231659312086,2.305343756075017
gratuit,Oui,Paris,65  QUAI DE VALMY 75010.0,SANISETTE,48.87136893708937,2.3650131550286178
gratuit,Oui,Paris,PARC DES BUTTES CHAUMONT 75019.0,TOILETTES,48.88182476781304,2.383640963547957
gratuit,Oui,Paris,SQUARE LEON SERPOLLET 75018.0,TOILETTES,48.89225644637532,2.3391013151326487
gratuit,Oui,Paris,PARC DE BELLEVILLE 75020.0,TOILETTES,48.87045899659526,2.385561771177437
gratuit,Oui,Paris,SQUARE THOMAS JEFFERSON 75016.0,TOILETTES,48.86776558683861,2.2947040750311705
gratuit,Oui,Paris,SQUARE D'ANVERS 75009.0,TOILETTES,48.88238662258446,2.344132955956091
gratuit,Non,Paris,SQUARE ARISTIDE CAVAILLE-COLL 75010.0,TOILETTES,48.87832751275092,2.35212188202011
gratuit,Oui,Paris,JARDIN D'EOLE - AIRE DE JEUX 75018.0,TOILETTES,48.888348037389356,2.3661571088182436
gratuit,Oui,Paris,JARDIN D'EOLE - TERRAIN DE BASKET 75018.0,TOILETTES,48.88664454218721,2.365012494883851
gratuit,Non,Paris,SQUARE ALAIN BASHUNG 75018.0,TOILETTES,48.88506257518371,2.356093168659292
gratuit,Non,Paris,SQUARE DU TEMPLE 75003.0,TOILETTES,48.86428649147141,2.3604997475942593
gratuit,Non,Paris,Parc Rives de Seine 75001.0,WC PUBLICS PERMANENTS,48.85831632949923,2.3427224946732728
gratuit,Oui,Paris,face au 231 RUE RAYMOND LOSSERAND 75014.0,SANISETTE,48.82794450370339,2.3056540427590932
gratuit,Oui,Paris,face au 7 RUE LA QUINTINIE 75015.0,SANISETTE,48.83923304249819,2.306332691603665
gratuit,Oui,Paris,face au 40 RUE RENE BOULANGER 75010.0,SANISETTE,48.8683183389778,2.3608778432995554
gratuit,Oui,Paris,face au 51 PLACE ALBERT KAHN 75018.0,SANISETTE,48.895774734607485,2.3460006044594537
gratuit,Oui,Paris,131  RUE D AVRON 75020.0,SANISETTE,48.85331628203856,2.409258092200668
gratuit,Oui,Paris,90  BOULEVARD DE SEBASTOPOL nan,SANISETTE,48.86601791753035,2.3525443661897376
gratuit,Oui,Paris,36  BOULEVARD DE SEBASTOPOL nan,SANISETTE,48.861537352383735,2.3500308570315873
gratuit,Oui,Paris,14  RUE SAINT MARTIN nan,SANISETTE,48.858200967363395,2.349797594005608
gratuit,Oui,Paris,8  RUE JEAN CALVIN nan,SANISETTE,48.8416407780507,2.348691572286761
gratuit,Oui,Paris,1  AVENUE RICHERAND 75010.0,SANISETTE,48.87183853334346,2.3654655903410577
gratuit,Oui,Paris,164  BOULEVARD VOLTAIRE 75011.0,SANISETTE,48.85564376523424,2.38355339725316
gratuit,Oui,Paris,18  AVENUE JEAN AICARD 75011.0,SANISETTE,48.86569698373071,2.3809585996248357
gratuit,Oui,Paris,179  AVENUE DAUMESNIL 75012.0,SANISETTE,48.840525428672,2.392040374875127
gratuit,Oui,Paris,2  BOULEVARD JOURDAN 75014.0,SANISETTE,48.81898671945179,2.34433502420897
gratuit,Oui,Paris,23  RUE DU DEPART 75014.0,SANISETTE,48.84217571141368,2.3231649832198995
gratuit,Oui,Paris,116  QUAI DE JEMMAPES 75010.0,SANISETTE,48.87492457138504,2.3636496993403733
gratuit,Non,Paris,SQUARE FLORENCE BLUMENTHAL 75013.0,TOILETTES,48.82749838275663,2.367317874534179
gratuit,Non,Paris,SQUARE DU CHANOINE VIOLLET 75014.0,TOILETTES,48.8313476109017,2.3205317615891627
gratuit,Non,Paris,PARC ANDRE CITROEN 75015.0,TOILETTES,48.84174621728004,2.2761964394647434
gratuit,Non,Paris,BOIS DE BOULOGNE - PARC DE BAGATELLE - ORANGERIE 75016.0,TOILETTES,48.86844303067456,2.2457185498316936
gratuit,Oui,Paris,JARDIN DEBERGUE-RENDEZ-VOUS 75012.0,TOILETTES,48.84657173098482,2.4039110707095728
gratuit,Non,Paris,JARDINS DU TROCADERO 75016.0,TOILETTES,48.862588523356806,2.289051200983527
gratuit,Non,Paris,SQUARE DE LA RUE BAYEN 75017.0,TOILETTES,48.88215739534307,2.290614026007785
gratuit,Oui,Paris,JARDIN DE LA RUE GINETTE NEVEU 75018.0,TOILETTES,48.900016901607415,2.345035089551902
gratuit,Non,Paris,JARDIN VILLEMIN 75010.0,TOILETTES,48.87495187562732,2.3605865877739634
gratuit,Oui,Paris,PARC DE BERCY 75012.0,TOILETTES,48.83398319424073,2.3824713993952864
gratuit,Non,Paris,SQUARE DE LA RUE LEON FRAPIE 75020.0,TOILETTES,48.87242040371037,2.412143699957275
gratuit,Oui,Paris,JARDIN DES GRANDS MOULINS - ABBE PIERRE - JARDIN CENTRAL 75013.0,TOILETTES,48.82961671975898,2.379618715998577
gratuit,Non,Paris,JARDIN DE LA DALLE FOUGERE 75020.0,TOILETTES,48.87218012240723,2.412431784164808
gratuit,Oui,Paris,COULEE VERTE RENE DUMONT - PROMENADE DE LA RUE DU SAHEL 75012.0,TOILETTES,48.841005858981525,2.4022052949342276
gratuit,Non,Paris,JARDIN JAMES JOYCE 75013.0,TOILETTES,48.836321686226896,2.373750809302066
gratuit,Oui,Paris,147  RUE VERCINGETORIX 75014.0,SANISETTE,48.83257405441342,2.311419179565337
gratuit,Oui,Paris,face au 19 RUE LEON LHERMITTE 75015.0,SANISETTE,48.84286484165984,2.297810540412148
gratuit,Oui,Paris,face au 22 PLACE DUPLEIX 75015.0,SANISETTE,48.85104533855425,2.2951225802537207
gratuit,Oui,Paris,2  RUE JACQUES KELLNER 75017.0,SANISETTE,48.89583555740396,2.3280407633416678
gratuit,Oui,Paris,opposé au 94 RUE JEAN HENRI FABRE 75018.0,SANISETTE,48.901061167312136,2.3355374393632724
gratuit,Oui,Paris,face au 3 RUE MARCEL SEMBAT 75018.0,SANISETTE,48.899016851977834,2.33769097705436
gratuit,Oui,Paris,opposé au 35 RUE BOINOD 75018.0,SANISETTE,48.894130055640744,2.3517628650661773
gratuit,Oui,Paris,25  AVENUE DE FLANDRE 75019.0,SANISETTE,48.8857730296856,2.3703659880496173
gratuit,Oui,Paris,69  AVENUE DE FLANDRE 75019.0,SANISETTE,48.888695362745985,2.373924071910594
gratuit,Oui,Paris,AVENUE FRANKLIN D ROOSEVELT nan,SANISETTE,48.87014131314519,2.3101609181601725
gratuit,Oui,Paris,RUE VIGNON nan,SANISETTE,48.87252784014988,2.3265304464708967
gratuit,Oui,Paris,44  BOULEVARD MALESHERBES nan,SANISETTE,48.87435840225736,2.320451685354317
gratuit,Oui,Paris,BOULEVARD DE ROCHECHOUART nan,SANISETTE,48.882709085896316,2.343497799728155
gratuit,Oui,Paris,8  PLACE JACQUES BONSERGENT 75010.0,SANISETTE,48.8710936939782,2.36098426518001
gratuit,Oui,Paris,face au 113 BOULEVARD VOLTAIRE 75011.0,SANISETTE,48.857188156526306,2.3809564924568405
gratuit,Oui,Paris,282  BOULEVARD VOLTAIRE 75011.0,SANISETTE,48.84958044775067,2.3936632083961156
gratuit,Oui,Paris,133  BOULEVARD DE CHARONNE 75011.0,SANISETTE,48.85749370656371,2.3924513613234244
gratuit,Oui,Paris,opposé au 3 RUE DE L ABBE SOULANGE BODIN 75014.0,SANISETTE,48.83548610047364,2.317797978892912
gratuit,Oui,Paris,98  BOULEVARD ARAGO 75014.0,SANISETTE,48.834735549474466,2.336803885060249
gratuit,Oui,Paris,179  QUAI DE VALMY 75010.0,SANISETTE,48.88016342714386,2.3673178205106837
gratuit,Oui,Paris,PARC DE CHOISY 75013.0,TOILETTES,48.827829639059495,2.3617356155766807
gratuit,Non,Paris,SQUARE DE LA RUE JEAN DUNAND (ZAC BAUDRICOURT) 75013.0,TOILETTES,48.823048021231,2.3643766979383063
gratuit,Oui,Paris,SQUARE NICOLE DE HAUTECLOCQUE 75015.0,TOILETTES,48.85258139102268,2.293571433539884
gratuit,Oui,Paris,SQUARE DE LA RUE RENE BINET 75018.0,TOILETTES,48.899535275674594,2.3382332781104793
gratuit,Oui,Paris,JARDIN MARIA VERONE 75018.0,TOILETTES,48.897104575300425,2.3358751815764123
gratuit,Non,Paris,SQUARE SEVERINE 75020.0,TOILETTES,48.86626191584978,2.4097626284528997
gratuit,Non,Paris,SQUARE RUES BELLEVILLE - TELEGRAPHE 75020.0,TOILETTES,48.875194891123265,2.399293408514617
gratuit,Non,Paris,JARDIN DE L'HOSPICE DEBROUSSE 75020.0,TOILETTES,48.862359830386104,2.4069931381734215
gratuit,Oui,Paris,JARDIN D'EOLE - ESPLANADE 75018.0,TOILETTES,48.8860364099231,2.365850908359651
gratuit,Non,Paris,BOIS DE BOULOGNE - PARC DE BAGATELLE - GRILLE DE SEVRES 75016.0,TOILETTES,48.87056564529141,2.2461755788083884
gratuit,Non,Paris,JARDIN TINO ROSSI - MUSEE DE LA SCULPTURE EN PLEIN AIR 75005.0,URINOIR,48.8476257789993,2.3604302166803377
gratuit,Non,Paris,Sous le pont Louis Philippe 75004.0,WC PUBLICS PERMANENTS,48.85420227463654,2.354644393586068
gratuit,Oui,Paris,4  RUE DU COMMANDANT RENE MOUCHOTTE 75015.0,SANISETTE,48.8399779389822,2.3214109225080213
gratuit,Oui,Paris,BOULEVARD MURAT 75016.0,SANISETTE,48.84223492178067,2.256178234666151
gratuit,Oui,Paris,135  AVENUE DE CLICHY 75017.0,SANISETTE,48.89080735250064,2.3196701030695888
gratuit,Oui,Paris,opposé au 22 BOULEVARD DES BATIGNOLLES 75017.0,SANISETTE,48.88309755113287,2.325230210633042
gratuit,Oui,Paris,74  AVENUE DE SAINT OUEN 75018.0,SANISETTE,48.89193708249992,2.3271840142740987
gratuit,Oui,Paris,96  BOULEVARD BARBES 75018.0,SANISETTE,48.89143639044488,2.3497411441355602
gratuit,Oui,Paris,PLACE DE LA CHAPELLE 75018.0,SANISETTE,48.88464490930497,2.359098476818927
gratuit,Oui,Paris,BOULEVARD D ALGERIE 75019.0,SANISETTE,48.880680241510866,2.4004087938674723
gratuit,Oui,Paris,RUE CESARIA EVORA 75019.0,SANISETTE,48.89769666177365,2.3774698258746425
gratuit,Oui,Paris,face au 148 BOULEVARD DE MENILMONTANT 75020.0,SANISETTE,48.86675503488674,2.383389726625513
gratuit,Oui,Paris,AVENUE DU PROFESSEUR ANDRE LEMIERE 75020.0,SANISETTE,48.85833811315611,2.4147151114105845
gratuit,Oui,Paris,3  RUE SORBIER 75020.0,SANISETTE,48.8684257392606,2.3898886443887415
gratuit,Oui,Paris,1  RUE BELGRAND 75020.0,SANISETTE,48.864920416418464,2.399823703089333
gratuit,Oui,Paris,107  RUE RAMBUTEAU nan,SANISETTE,48.86274833004129,2.3463926621024074
gratuit,Oui,Paris,79  BOULEVARD DU TEMPLE nan,SANISETTE,48.86355463067629,2.366305527110087
gratuit,Oui,Paris,6  QUAI DE GESVRES nan,SANISETTE,48.856486160078234,2.3497964639684517
gratuit,Oui,Paris,41  BOULEVARD BOURDON nan,SANISETTE,48.8526426890932,2.368356693963534
gratuit,Oui,Paris,9  AVENUE DES GOBELINS nan,SANISETTE,48.83795209152188,2.351186507903939
gratuit,Oui,Paris,face au 7 BOULEVARD DE MENILMONTANT 75011.0,SANISETTE,48.85881749412743,2.3893212202570404
gratuit,Oui,Paris,face au 48 BOULEVARD VOLTAIRE 75011.0,SANISETTE,48.86338089367277,2.371039582240022
gratuit,Oui,Paris,4  BOULEVARD DIDEROT 75012.0,SANISETTE,48.84528888185513,2.369251752524021
gratuit,Oui,Paris,opposé au 16 PLACE DE LA NATION 75012.0,SANISETTE,48.84744480307578,2.395482550580249
gratuit,Oui,Paris,face au 1 BOULEVARD DE REUILLY 75012.0,SANISETTE,48.83894041055916,2.3895729379343194
gratuit,Oui,Paris,RUE CLISSON 75013.0,SANISETTE,48.829376228032494,2.3653014793666163
gratuit,Oui,Paris,BOULEVARD ARAGO 75013.0,SANISETTE,48.83496155198776,2.3463699074489357
gratuit,Oui,Paris,53  BOULEVARD SAINT MARCEL 75013.0,SANISETTE,48.837911595474374,2.3556459725821877
gratuit,Oui,Paris,87  AVENUE D ITALIE 75013.0,SANISETTE,48.82394344207883,2.3581268048166164
gratuit,Oui,Paris,88  AVENUE DU MAINE 75014.0,SANISETTE,48.83811061304954,2.3223383620513456
gratuit,Oui,Paris,95  BOULEVARD DE PORT ROYAL 75014.0,SANISETTE,48.838270229702346,2.3418057664472203
gratuit,Oui,Paris,63  AVENUE DU GENERAL LECLERC 75014.0,SANISETTE,48.82896483276907,2.327979589558433
gratuit,Oui,Paris,2  RUE DES ECLUSES SAINT MARTIN 75010.0,SANISETTE,48.876238731757724,2.368177603725199
gratuit,Oui,Paris,face au 182 RUE DU FAUBOURG SAINT MARTIN 75010.0,SANISETTE,48.878147412171884,2.3616456904320775
gratuit,Oui,Paris,PARC MONTSOURIS 75014.0,TOILETTES,48.82227702606083,2.336591567464137
gratuit,Oui,Paris,SQUARE DE LA RUE DE CHATILLON 75014.0,TOILETTES,48.82795466104957,2.322543511934719
gratuit,Non,Paris,SQUARE DE L'OISEAU LUNAIRE 75015.0,TOILETTES,48.842135463891644,2.3055881743078164
gratuit,Oui,Paris,SQUARE BOUCICAUT 75007.0,TOILETTES,48.85111943871574,2.3256456425088223
gratuit,Oui,Paris,SQUARE MONTHOLON 75009.0,TOILETTES,48.87722013771023,2.3467356432359514
gratuit,Oui,Paris,SQUARE DES DEUX NETHES 75018.0,TOILETTES,48.88565854413966,2.327515102674248
gratuit,Non,Paris,JARDIN ILAN HALIMI (ANC. RUE DE FECAMP - MICHEL BIZOT) 75012.0,TOILETTES,48.83625106997376,2.4011909467705785
gratuit,Non,Paris,JARDIN BRASSAI 75013.0,TOILETTES,48.828587086078144,2.349436628957498
gratuit,Oui,Paris,36  RUE DE LA CHARBONNIERE 75018.0,SANISETTE,48.88410387025656,2.352186422605598
gratuit,Oui,Paris,23  RUE LAMBERT 75018.0,SANISETTE,48.889063914793674,2.3451542761026407
gratuit,Oui,Paris,RUE HENRI HUCHARD 75018.0,SANISETTE,48.898997853477596,2.3341640886753074
gratuit,Oui,Paris,face au 3 BOULEVARD NEY 75018.0,SANISETTE,48.89877331075297,2.3692981281477135
gratuit,Oui,Paris,1  RUE DE LA BONNE 75018.0,SANISETTE,48.88736179846098,2.343545156427324
gratuit,Oui,Paris,6  PLACE DE LA PORTE DE BAGNOLET 75020.0,SANISETTE,48.86412097368338,2.408985779271119
gratuit,Oui,Paris,RUE COQUILLIERE nan,SANISETTE,48.8635474009773,2.3424722986932665
gratuit,Oui,Paris,17  AVENUE VICTORIA nan,SANISETTE,48.857970439927115,2.346535672660025
gratuit,Oui,Paris,face au 34 RUE DU GRENIER SAINT LAZARE nan,SANISETTE,48.8630936107319,2.3527177147335756
gratuit,Oui,Paris,115  RUE SAINT MARTIN nan,SANISETTE,48.86052384157859,2.3511711256542633
gratuit,Oui,Paris,4  RUE POLIVEAU nan,SANISETTE,48.8403933177024,2.3612732635708595
gratuit,Oui,Paris,face au 4 BOULEVARD RICHARD LENOIR 75011.0,SANISETTE,48.853983171388194,2.3697001838311302
gratuit,Oui,Paris,PLACE DE LA BASTILLE 75011.0,SANISETTE,48.85331060980803,2.370072634439651
gratuit,Oui,Paris,26  BOULEVARD DE REUILLY 75012.0,SANISETTE,48.83916534421364,2.392302587363353
gratuit,Oui,Paris,1  RUE EMILE LEVASSOR 75013.0,SANISETTE,48.82124040430335,2.369013887547498
gratuit,Oui,Paris,face au 32 BOULEVARD EDGAR QUINET 75014.0,SANISETTE,48.84047147744345,2.3268312111018647
gratuit,Oui,Paris,11  PLACE DE LA BATAILLE DE STALINGRAD 75010.0,SANISETTE,48.88357327133696,2.3687424642685415
gratuit,Oui,Paris,5  RUE DE MAZAGRAN 75010.0,SANISETTE,48.87049160141798,2.3513780148175054
gratuit,Non,Paris,SQUARE HENRI CADIOU 75013.0,TOILETTES,48.83447425994399,2.3425014153332793
gratuit,Non,Paris,PARC ANDRE CITROEN 75015.0,TOILETTES,48.8420964537002,2.2752968073391773
gratuit,Non,Paris,JARDIN TINO ROSSI - MUSEE DE LA SCULPTURE EN PLEIN AIR 75005.0,URINOIR,48.84699411929912,2.3615979627373864
gratuit,Non,Paris,SQUARE DE LA ROQUETTE 75011.0,TOILETTES,48.85998930823249,2.384662193346416
gratuit,Oui,Paris,SQUARE MAURICE KRIEGEL-VALRIMONT DIT SQUARE DE CLIGNANCOURT 75018.0,TOILETTES,48.89324524823646,2.3464251103905993
gratuit,Oui,Paris,SQUARE MARIE CURIE 75013.0,TOILETTES,48.84118348892286,2.363377117758928
gratuit,Non,Paris,Parc Rives de Seine 75004.0,WC PUBLICS PERMANENTS,48.8573418185966,2.3461220503761466
gratuit,Oui,Paris,26  PLACE ETIENNE PERNET 75015.0,SANISETTE,48.84258937721881,2.292137239974756
gratuit,Oui,Paris,73  QUAI BRANLY 75015.0,SANISETTE,48.8572621090066,2.291104558604043
gratuit,Oui,Paris,face au 5 PLACE DU COMMERCE 75015.0,SANISETTE,48.845378213876145,2.2921824678562546
gratuit,Oui,Paris,109  BOULEVARD DE SEBASTOPOL nan,SANISETTE,48.86681987649092,2.3527266506130737
gratuit,Oui,Paris,37  RUE DU LOUVRE nan,SANISETTE,48.8674378410879,2.3438209928812315
gratuit,Oui,Paris,37  BOULEVARD DES CAPUCINES nan,SANISETTE,48.870058233825205,2.329345376568483
gratuit,Oui,Paris,123  RUE SAINT ANTOINE nan,SANISETTE,48.85530319788792,2.360419701884549
gratuit,Oui,Paris,123  RUE SAINT JACQUES nan,SANISETTE,48.84781204558067,2.3439878240330754
gratuit,Oui,Paris,2  PLACE JOFFRE nan,SANISETTE,48.854301176148155,2.305083210870264
gratuit,Oui,Paris,12  PLACE GEORGES GUILLAUMIN nan,SANISETTE,48.87477424791767,2.303210664567427
gratuit,Oui,Paris,45  BOULEVARD DE ROCHECHOUART nan,SANISETTE,48.882709085896316,2.343497799728155
gratuit,Oui,Paris,20  BOULEVARD SAINT MARTIN 75010.0,SANISETTE,48.868999656313925,2.3561732757321483
gratuit,Oui,Paris,54  BOULEVARD DE PICPUS 75012.0,SANISETTE,48.84368377089712,2.4018852062099447
gratuit,Oui,Paris,face au 18 AVENUE DU GENERAL LECLERC 75014.0,SANISETTE,48.83234245020399,2.3309407500304644
gratuit,Oui,Paris,145  BOULEVARD DE MAGENTA 75010.0,SANISETTE,48.88224462938898,2.3505342288843942
gratuit,Oui,Paris,RUE DU FAUBOURG DU TEMPLE 75011.0,SANISETTE,48.868029196720336,2.3653202953346275
gratuit,Non,Paris,SQUARE FERDINAND BRUNOT 75014.0,TOILETTES,48.83229243383418,2.32688024224376
gratuit,Non,Paris,JARDIN DES POETES 75016.0,TOILETTES,48.84762442808565,2.2566635083638613
gratuit,Non,Paris,JARDIN CLAIRE MOTTE 75017.0,TOILETTES,48.89189723480619,2.304142774509969
gratuit,Non,Paris,SQUARE PAUL LANGEVIN 75005.0,TOILETTES,48.84815530354401,2.349373393516293
gratuit,Non,Paris,JARDIN DE LA ZAC D'ALESIA 75014.0,TOILETTES,48.826190755689666,2.338229837111281
gratuit,Oui,Paris,150  RUE DE LA CONVENTION 75015.0,SANISETTE,48.839418441383394,2.2914579802620136
gratuit,Oui,Paris,68  RUE DE LA PROCESSION 75015.0,SANISETTE,48.836413614647896,2.3098231993138696
gratuit,Oui,Paris,2  PLACE DE BARCELONE 75016.0,SANISETTE,48.84768231148525,2.2736325929422985
gratuit,Oui,Paris,132  BOULEVARD BESSIERES 75017.0,SANISETTE,48.894846104664346,2.3142935517352
gratuit,Oui,Paris,face au 10 BOULEVARD DES BATIGNOLLES 75017.0,SANISETTE,48.88334503192717,2.326311830075079
gratuit,Oui,Paris,face au 3 PLACE SAINT PIERRE 75018.0,SANISETTE,48.88449210942008,2.34466221189733
gratuit,Oui,Paris,23  BOULEVARD NEY 75018.0,SANISETTE,48.8984120785467,2.362386603106507
gratuit,Oui,Paris,68  QUAI DE LA LOIRE 75019.0,SANISETTE,48.88659728582067,2.3771591373520455
gratuit,Oui,Paris,52  QUAI DE LA LOIRE 75019.0,SANISETTE,48.885803250412145,2.375847653421224
gratuit,Oui,Paris,4  RUE FERNAND LEGER 75020.0,SANISETTE,48.863772755076,2.389124137262356
gratuit,Oui,Paris,17  RUE DU FOUR nan,SANISETTE,48.85272198682075,2.3345902724542893
gratuit,Oui,Paris,17  BOULEVARD DE ROCHECHOUART nan,SANISETTE,48.883420611557554,2.3474331686544203
gratuit,Oui,Paris,51  BOULEVARD DE ROCHECHOUART nan,SANISETTE,48.882316150207735,2.341432909012634
gratuit,Oui,Paris,54  BOULEVARD DU TEMPLE 75011.0,SANISETTE,48.86622478521031,2.3650032562219505
gratuit,Oui,Paris,face au 86 BOULEVARD RICHARD LENOIR 75011.0,SANISETTE,48.861740756010526,2.3726633537236705
gratuit,Oui,Paris,4  RUE MARTIN BERNARD 75013.0,SANISETTE,48.8268991020181,2.3513287759759125
gratuit,Oui,Paris,face au 36 RUE DIDOT 75014.0,SANISETTE,48.831657967806095,2.3201789580568746
gratuit,Non,Paris,SQUARE SAMUEL BECKETT 75013.0,TOILETTES,48.81990547174471,2.361947469994329
gratuit,Non,Paris,PARC MONTSOURIS 75014.0,TOILETTES,48.82139688389914,2.340911412274563
gratuit,Oui,Paris,BOIS DE VINCENNES - PARC FLORAL DE PARIS - PINEDE 75012.0,TOILETTES,48.83825700612516,2.4446432672223817
gratuit,Oui,Paris,SQUARE DU PASSAGE LEON 75018.0,TOILETTES,48.885897360399426,2.353323649348037
gratuit,Non,Paris,JARDIN CYPRIAN KAMIL NORWID 75013.0,TOILETTES,48.82811812852847,2.3775406671265786
gratuit,Non,Paris,SQUARE JEAN XXIII 75004.0,TOILETTES,48.85284931455995,2.3510643339567103
gratuit,Non,Paris,JARDIN NATUREL-PIERRE EMMANUEL 75020.0,TOILETTES,48.85873792339389,2.3991287495452616
gratuit,Non,Paris,PARC DES BUTTES CHAUMONT 75019.0,TOILETTES,48.87945225471852,2.3827292461730765
gratuit,Non,Paris,40 BOULEVARD AUGUSTE BLANQUI 75013.0,URINOIR,48.83003143468849,2.350974415222593
gratuit,Oui,Paris,face au 55 BOULEVARD DE VAUGIRARD 75015.0,SANISETTE,48.8409122311636,2.3164276371957753
gratuit,Oui,Paris,139  RUE DE L ABBE GROULT 75015.0,SANISETTE,48.83566847382636,2.3025957465389335
gratuit,Oui,Paris,6  BOULEVARD DU MONTPARNASSE 75015.0,SANISETTE,48.846521372658216,2.3169456535882027
gratuit,Oui,Paris,QUAI BRANLY 75015.0,SANISETTE,48.85553274383494,2.2898684016959203
gratuit,Oui,Paris,face au 38 AVENUE RAPHAEL 75016.0,SANISETTE,48.85719279757156,2.2666990315751643
gratuit,Oui,Paris,PLACE SUZANNE VALADON 75018.0,SANISETTE,48.8844550476974,2.3427360292098136
gratuit,Oui,Paris,29  RUE ERNESTINE 75018.0,SANISETTE,48.89045444451696,2.3546097155031736
gratuit,Oui,Paris,face au 154 RUE ORDENER 75018.0,SANISETTE,48.89350244895165,2.3368920895227645
gratuit,Oui,Paris,2  RUE RONSARD 75018.0,SANISETTE,48.88511234133796,2.344346951405808
gratuit,Oui,Paris,face au 57 QUAI DE LA SEINE 75019.0,SANISETTE,48.887235115112404,2.3758365317618666
gratuit,Oui,Paris,2  RUE DE JOINVILLE 75019.0,SANISETTE,48.889477761529356,2.3807026479019213
gratuit,Oui,Paris,9  AVENUE DE LA PORTE DE LA VILLETTE 75019.0,SANISETTE,48.898974839975054,2.386774783986593
gratuit,Oui,Paris,34  BOULEVARD DE BELLEVILLE 75020.0,SANISETTE,48.86834301160021,2.381897995848263
gratuit,Oui,Paris,Jardin DES HALLES ALLEE BLAISE CENDRARS SUD OUEST nan,SANISETTE,48.862221666357485,2.344254327997302
gratuit,Oui,Paris,85  BOULEVARD DE SEBASTOPOL nan,SANISETTE,48.8648280162637,2.35161126358933
gratuit,Oui,Paris,1  BOULEVARD DES FILLES DU CALVAIRE nan,SANISETTE,48.861123131655724,2.367032423762319
gratuit,Oui,Paris,face au 171 RUE DU TEMPLE nan,SANISETTE,48.86497566729412,2.36013286100841
gratuit,Oui,Paris,82  BOULEVARD DE SEBASTOPOL nan,SANISETTE,48.86550351402495,2.3522490912708514
gratuit,Oui,Paris,10 bis RUE DE MOUSSY nan,SANISETTE,48.85783250805626,2.35581305149286
gratuit,Oui,Paris,RUE DE L AVE MARIA nan,SANISETTE,48.85321055139778,2.3595828045535745
gratuit,Oui,Paris,88 ter BOULEVARD DE PORT ROYAL nan,SANISETTE,48.83920071261067,2.338731588164609
gratuit,Oui,Paris,JARDIN DU CHAMPS DE MARS nan,SANISETTE,48.8548917342077,2.300536612101095
gratuit,Oui,Paris,27  RUE DE LA ROQUETTE 75011.0,SANISETTE,48.854888192016624,2.3728553787106756
gratuit,Oui,Paris,27  AVENUE D IVRY 75013.0,SANISETTE,48.82266348081883,2.3668564345328544
gratuit,Oui,Paris,146  BOULEVARD DE L HOPITAL 75013.0,SANISETTE,48.83258393040573,2.356164166273496
gratuit,Oui,Paris,opposé au 8 AVENUE DE LA PORTE DE CHATILLON 75014.0,SANISETTE,48.82384501587049,2.3181811717384395
gratuit,Oui,Paris,RUE DU FAUBOURG SAINT DENIS 75010.0,SANISETTE,48.875775391755184,2.3562513574042865
gratuit,Oui,Paris,face au 50 QUAI DE JEMMAPES 75010.0,SANISETTE,48.87002790121456,2.3665975072121603
gratuit,Oui,Paris,SQUARE HELENE BOUCHER 75013.0,TOILETTES,48.81872280946736,2.3603105350770495
gratuit,Oui,Paris,SQUARE SERGENT AURELIE SALEL 75020.0,TOILETTES,48.867159406218995,2.3912979089661355
gratuit,Oui,Paris,JARDIN DU RANELAGH 75016.0,TOILETTES,48.85825224076739,2.268313503528245
gratuit,Oui,Paris,JARDIN DES SERRES D'AUTEUIL 75016.0,TOILETTES,48.84600296930212,2.252823769625866
gratuit,Non,Paris,SQUARE SARAH BERNHARDT 75020.0,TOILETTES,48.849620045031294,2.403701838756764
gratuit,Non,Paris,PARC MONCEAU 75008.0,TOILETTES,48.88027485340873,2.3090771891423785
gratuit,Non,Paris,SQUARE D'ESTIENNE D'ORVES 75009.0,TOILETTES,48.87684278657475,2.3312885247407396
gratuit,Non,Paris,SQUARE MAURICE GARDETTE 75011.0,TOILETTES,48.86145746772124,2.3787483757016554
gratuit,Non,Paris,SQUARE DE LA PLACE DE LA REUNION 75020.0,TOILETTES,48.85581626348992,2.4015086818708626
gratuit,Oui,Paris,JARDIN ANNE FRANK (HOTEL SAINT-AIGNAN) 75003.0,TOILETTES,48.86140027201583,2.3545285827943587
gratuit,Oui,Paris,Parc Rives de Seine 75007.0,WC PUBLICS PERMANENTS,48.862608094082965,2.319567982948122
gratuit,Oui,Paris,1 rue Lamarck 75018.0,LAVATORY,48.88626726174863,2.3438632119121094
gratuit,Oui,Paris,Place de l'Etoile 75008.0,LAVATORY,48.87308210718639,2.296062832904202
gratuit,Oui,Paris,10  AVENUE DU GENERAL LECLERC 75014.0,SANISETTE,48.83301508320707,2.3311870200941396
gratuit,Oui,Paris,189  RUE D ALESIA 75014.0,SANISETTE,48.83125608516332,2.316109393517266
gratuit,Oui,Paris,RUE SAINT CHARLES 75015.0,SANISETTE,48.83807356302152,2.277982871077256
gratuit,Oui,Paris,face au 2 AVENUE EMILE ZOLA 75015.0,SANISETTE,48.846243467271094,2.277628065658755
gratuit,Oui,Paris,PLACE CHARLES FILLION 75017.0,SANISETTE,48.88847096557176,2.315811510931308
gratuit,Oui,Paris,3  AVENUE DE LA PORTE D AUBERVILLIERS 75018.0,SANISETTE,48.899198846438914,2.370126499080757
gratuit,Oui,Paris,58  AVENUE DE FLANDRE 75019.0,SANISETTE,48.88818203567653,2.373749928304557
gratuit,Oui,Paris,9  COURS DE VINCENNES 75020.0,SANISETTE,48.84826364818255,2.400031592781939
gratuit,Oui,Paris,157  RUE DE MENILMONTANT 75020.0,SANISETTE,48.87058588945123,2.3982017921943504
gratuit,Oui,Paris,39  PLACE DES DEUX ECUS nan,SANISETTE,48.863156681649215,2.3418361758222335
gratuit,Oui,Paris,2  RUE DE LA LINGERIE nan,SANISETTE,48.86028377588714,2.346478360952597
gratuit,Oui,Paris,91  RUE D ABOUKIR nan,SANISETTE,48.86816218874815,2.34845002883678
gratuit,Oui,Paris,4  RUE SALOMON DE CAUS nan,SANISETTE,48.8673644300438,2.354020375521619
gratuit,Oui,Paris,RUE SAINT JACQUES nan,SANISETTE,48.84781204558067,2.3439878240330754
gratuit,Oui,Paris,40  RUE DE SEVRES nan,SANISETTE,48.84983487675197,2.323054655081175
gratuit,Oui,Paris,5  BOULEVARD DE CLICHY nan,SANISETTE,48.882089018714574,2.3391633010364488
gratuit,Oui,Paris,118  BOULEVARD DE LA VILLETTE 75010.0,SANISETTE,48.87736769831583,2.3709710108818243
gratuit,Oui,Paris,125  AVENUE LEDRU ROLLIN 75011.0,SANISETTE,48.85413586971285,2.3776669195092617
gratuit,Oui,Paris,opposé au 13 BOULEVARD DE MENILMONTANT 75011.0,SANISETTE,48.85923461154838,2.389122267946412
gratuit,Oui,Paris,opposé au 96 RUE OBERKAMPF 75011.0,SANISETTE,48.865770227997636,2.377607009280849
gratuit,Oui,Paris,face au 61 BOULEVARD AUGUSTE BLANQUI 75013.0,SANISETTE,48.82948471703286,2.349425440864941
gratuit,Oui,Paris,face au 30 AVENUE REILLE 75014.0,SANISETTE,48.82454102425052,2.3394884038725476
gratuit,Non,Paris,SQUARE PAUL GRIMAULT 75013.0,TOILETTES,48.82302967451198,2.3485091392684607
gratuit,Non,Paris,SQUARE SAINT-LAMBERT 75015.0,TOILETTES,48.84277453561846,2.297406063222038
gratuit,Non,Paris,PARC MONTSOURIS 75014.0,TOILETTES,48.82123528431706,2.3360474470954546
gratuit,Non,Paris,PARC ANDRE CITROEN 75015.0,TOILETTES,48.8403808019196,2.279059099562376
gratuit,Oui,Paris,SQUARE CLAUDE BERNARD 75019.0,TOILETTES,48.899251737173394,2.3744646135710594
gratuit,Non,Paris,SQUARE FRANCIS LEMARQUE 75011.0,TOILETTES,48.85600860589478,2.376699589913922
gratuit,Non,Paris,SQUARES DES ARENES DE LUTECE ET CAPITAN 75005.0,TOILETTES,48.845456222716194,2.3532438479946807
gratuit,Oui,Paris,4  PLACE DE BRETEUIL 75015.0,SANISETTE,48.84733413997167,2.3109598986410163
gratuit,Oui,Paris,BOULEVARD GARIBALDI 75015.0,SANISETTE,48.8478417919066,2.302072031091217
gratuit,Oui,Paris,4  AVENUE NIEL 75017.0,SANISETTE,48.87892079748371,2.2944737300799654
gratuit,Oui,Paris,138  RUE DES POISSONNIERS 75018.0,SANISETTE,48.89635962022954,2.3530164603597465
gratuit,Oui,Paris,87  RUE DE LA CHAPELLE 75018.0,SANISETTE,48.89763161180878,2.3589156460506757
gratuit,Oui,Paris,3  RUE DE LA GOUTTE D OR 75018.0,SANISETTE,48.885028142206096,2.354863996144928
gratuit,Oui,Paris,opposé au 17 RUE LIEUTENANT COLONEL DAX 75018.0,SANISETTE,48.900705833417085,2.340228067255163
gratuit,Oui,Paris,15  AVENUE DE LA PORTE DE CLIGNANCOURT 75018.0,SANISETTE,48.8991942601401,2.343963695246803
gratuit,Oui,Paris,220  BOULEVARD DE LA VILLETTE 75019.0,SANISETTE,48.88425702092837,2.367381050280598
gratuit,Oui,Paris,12  RUE REBEVAL 75019.0,SANISETTE,48.87407067949223,2.3763822945173425
gratuit,Oui,Paris,face au 4 PLACE MARTIN NADAUD 75020.0,SANISETTE,48.864949741311236,2.394717602157619
gratuit,Oui,Paris,25  RUE PASTOURELLE nan,SANISETTE,48.86274437683079,2.3593648617989023
gratuit,Oui,Paris,QUAI DE L HOTEL DE VILLE nan,SANISETTE,48.854150671810245,2.356023599656362
gratuit,Oui,Paris,face au 73 BOULEVARD SAINT MICHEL nan,SANISETTE,48.84612923935423,2.340044296677427
gratuit,Oui,Paris,QUAI BRANLY nan,SANISETTE,48.85806633367225,2.2923159491214373
gratuit,Oui,Paris,130 ter BOULEVARD DE CLICHY nan,SANISETTE,48.884214349237055,2.3289696159647684
gratuit,Oui,Paris,65  BOULEVARD DE CLICHY nan,SANISETTE,48.88398130352188,2.331784835499316
gratuit,Oui,Paris,135  RUE DE LA ROQUETTE 75011.0,SANISETTE,48.85869214568334,2.3839455513953753
gratuit,Oui,Paris,283  RUE DE CHARENTON 75012.0,SANISETTE,48.83473828707719,2.3935333570010986
gratuit,Oui,Paris,12  BOULEVARD DE BERCY 75012.0,SANISETTE,48.839621340961756,2.378218628043353
gratuit,Oui,Paris,32  BOULEVARD DIDEROT 75012.0,SANISETTE,48.846112571054796,2.376547762162364
gratuit,Oui,Paris,38  RUE DU CHEVALERET 75013.0,SANISETTE,48.82822850829953,2.3767342019061948
gratuit,Oui,Paris,BOULEVARD DE L HOPITAL 75013.0,SANISETTE,48.83963427904555,2.3617546668162626
gratuit,Oui,Paris,18  AVENUE DE LA PORTE DE VANVES 75014.0,SANISETTE,48.825507784271,2.304138725656075
gratuit,Oui,Paris,131  AVENUE DU MAINE 75014.0,SANISETTE,48.83487923125603,2.324142757336266
gratuit,Oui,Paris,face au 1 BOULEVARD DE LA VILLETTE 75010.0,SANISETTE,48.8722796194314,2.3766279527566243
gratuit,Oui,Paris,SQUARE GUSTAVE MESUREUR 75013.0,TOILETTES,48.83375567823723,2.362528627050125
gratuit,Non,Paris,PARC DES BUTTES CHAUMONT 75019.0,TOILETTES,48.876855458646126,2.380790072781452
gratuit,Non,Paris,SQUARE EDOUARD VAILLANT 75020.0,TOILETTES,48.86624979612694,2.3999211355178427
gratuit,Oui,Paris,COULEE VERTE RENE DUMONT - PROMENADE DU VIADUC DES ARTS 75012.0,TOILETTES,48.84435659883764,2.381996878028027
gratuit,Non,Paris,JARDIN TINO ROSSI - MUSEE DE LA SCULPTURE EN PLEIN AIR 75005.0,TOILETTES,48.84843664146207,2.3591465064630635
gratuit,Non,Paris,JARDIN DE LA FOLIE TITON 75011.0,TOILETTES,48.8521493384893,2.385387214042942
gratuit,Non,Paris,Parc Rives de Seine 75004.0,WC PUBLICS PERMANENTS,48.85349716617869,2.353968199139137
gratuit,Oui,Paris,161  BOULEVARD BRUNE 75014.0,SANISETTE,48.82434142990772,2.321116922699178
gratuit,Oui,Paris,185  BOULEVARD LEFEBVRE 75015.0,SANISETTE,48.8282841141784,2.3033660534960805
gratuit,Oui,Paris,65  AVENUE EMILE ZOLA 75015.0,SANISETTE,48.846550685068856,2.284774819622888
gratuit,Oui,Paris,RUE DU THEATRE 75015.0,SANISETTE,48.8490352798541,2.287920080193913
gratuit,Oui,Paris,224  AVENUE DE VERSAILLES 75016.0,SANISETTE,48.83839708065923,2.2586198461019364
gratuit,Oui,Paris,1 AVENUE DE PARIS 75012.0,SANISETTE,48.844222603519434,2.44114790542654
gratuit,Oui,Paris,PLACE DE LA PORTE D AUTEUIL 75016.0,SANISETTE,48.84844378816905,2.257177590169219
gratuit,Oui,Paris,2  SQUARE LAMARTINE 75016.0,SANISETTE,48.86517142314817,2.275158169830335
gratuit,Oui,Paris,face au 32 AVENUE NIEL 75017.0,SANISETTE,48.8814959992131,2.2955325240081574
gratuit,Oui,Paris,opposé au 10 RUE DE L EVANGILE 75018.0,SANISETTE,48.892079500845476,2.36154810397036
gratuit,Oui,Paris,16  AVENUE DE SAINT OUEN 75018.0,SANISETTE,48.888224506944354,2.3259361111674
gratuit,Oui,Paris,1  RUE SAINT BRUNO 75018.0,SANISETTE,48.88595754102246,2.3562705105912993
gratuit,Oui,Paris,6  RUE DE PANAMA 75018.0,SANISETTE,48.88762677637511,2.352751478367211
gratuit,Oui,Paris,face au 3 RUE DES DOCTEURS DEJERINE 75020.0,SANISETTE,48.85445502611209,2.412247373913974
gratuit,Oui,Paris,face au 13 PLACE DE LA BOURSE nan,SANISETTE,48.86891836470313,2.3406263950840906
gratuit,Oui,Paris,15  BOULEVARD SAINT DENIS nan,SANISETTE,48.869408298985206,2.3535020856873143
gratuit,Oui,Paris,27  BOULEVARD POISSONNIERE nan,SANISETTE,48.87129988583528,2.343654073079796
gratuit,Oui,Paris,face au 2 RUE AUBRY LE BOUCHER nan,SANISETTE,48.86021286930935,2.350397746470584
gratuit,Oui,Paris,9  BOULEVARD SAINT GERMAIN nan,SANISETTE,48.849330262603885,2.3548461823583855
gratuit,Oui,Paris,78  BOULEVARD SAINT MARCEL nan,SANISETTE,48.83741847058166,2.3535436411006163
gratuit,Oui,Paris,BOULEVARD SAINT MICHEL nan,SANISETTE,48.84175443253953,2.3374846283889914
gratuit,Oui,Paris,41  PLACE DE FINLANDE nan,SANISETTE,48.86247699359682,2.3108086227207383
gratuit,Oui,Paris,face au 1 RUE DE METZ 75010.0,SANISETTE,48.87075131711197,2.3545614977622487
gratuit,Oui,Paris,2  RUE FERNAND FOUREAU 75012.0,SANISETTE,48.8461981514924,2.411269397772903
gratuit,Oui,Paris,SQUARE ALESIA RIDER 75014.0,SANISETTE,48.82837430991983,2.325254307572461
gratuit,Oui,Paris,face au 85 bis BOULEVARD DE MAGENTA 75010.0,SANISETTE,48.87715340155667,2.355100900623778
gratuit,Oui,Paris,SQUARE ALEXANDRE ET RENE PARODI 75016.0,TOILETTES,48.87626368925604,2.2810061711840706
gratuit,Oui,Paris,SQUARE SUZANNE BUISSON 75018.0,TOILETTES,48.88837160641975,2.3371101585145073
gratuit,Oui,Paris,SQUARE DE LA BUTTE DU CHAPEAU ROUGE 75019.0,TOILETTES,48.88101651958862,2.398780849590685
gratuit,Non,Paris,PARC DE BELLEVILLE 75020.0,TOILETTES,48.87154116321315,2.3849689277445396
gratuit,Non,Paris,JARDIN DAMIA 75011.0,TOILETTES,48.8547522453211,2.394009135967313
gratuit,Oui,Paris,BOIS DE BOULOGNE - PARC DE BAGATELLE - GRILLE D'HONNEUR 75016.0,TOILETTES,48.86883301602136,2.248019578481179
gratuit,Oui,Paris,364  RUE LECOURBE 75015.0,SANISETTE,48.836240943583995,2.2816918169237694
gratuit,Oui,Paris,7  AVENUE DE LA PORTE DES TERNES 75017.0,SANISETTE,48.88111759201828,2.282970855516519
gratuit,Oui,Paris,face au 17 RUE POLONCEAU 75018.0,SANISETTE,48.88563235320071,2.353401466086346
gratuit,Oui,Paris,2  AVENUE DE LA PORTE DE SAINT OUEN 75018.0,SANISETTE,48.89789971505309,2.329375817479652
gratuit,Oui,Paris,face au 34 BOULEVARD DE CLICHY 75018.0,SANISETTE,48.88256734476811,2.3367738949822803
gratuit,Oui,Paris,74  BOULEVARD DE CLICHY 75018.0,SANISETTE,48.88353488261509,2.333530253543148
gratuit,Oui,Paris,RUE DE LA CROIX SAINT SIMON 75020.0,SANISETTE,48.85577188047998,2.409918203488958
gratuit,Oui,Paris,72  RUE DES AMANDIERS 75020.0,SANISETTE,48.86628405302379,2.38977745051532
gratuit,Oui,Paris,2  RUE MORNAY nan,SANISETTE,48.849474962211744,2.36612319381352
gratuit,Oui,Paris,RUE DE SEVRES nan,SANISETTE,48.84983487675197,2.323054655081175
gratuit,Oui,Paris,AVENUE CHARLES FLOQUET nan,SANISETTE,48.855104384442974,2.295895903904689
gratuit,Oui,Paris,opposé au 168 BOULEVARD DE MAGENTA nan,SANISETTE,48.883270091603826,2.3496100033787117
gratuit,Oui,Paris,44  AVENUE PHILIPPE AUGUSTE 75011.0,SANISETTE,48.85213697345383,2.393718336174439
gratuit,Oui,Paris,195  BOULEVARD VOLTAIRE 75011.0,SANISETTE,48.853292450305034,2.3878803342343025
gratuit,Oui,Paris,124  AVENUE DU GENERAL MICHEL BIZOT 75012.0,SANISETTE,48.840456320638104,2.4046627800361193
gratuit,Oui,Paris,4  PLACE ABBE GEORGES HENOCQUE 75013.0,SANISETTE,48.82406568071868,2.3530954643683972
gratuit,Oui,Paris,face au 129 RUE DE LA GLACIERE 75013.0,SANISETTE,48.826690707467044,2.341806493177043
gratuit,Oui,Paris,face au 159 AVENUE DE CHOISY 75013.0,SANISETTE,48.828198365793185,2.3584532011028068
gratuit,Oui,Paris,face au 97 RUE DU CHEVALERET 75013.0,SANISETTE,48.83032574552438,2.375200718397584
gratuit,Oui,Paris,11  AVENUE MAURICE D OCAGNE 75014.0,SANISETTE,48.82498851904086,2.311279224235746
gratuit,Oui,Paris,21  RUE DE GERGOVIE 75014.0,SANISETTE,48.833925435692954,2.3145617213644476
gratuit,Oui,Paris,105  QUAI DE VALMY 75010.0,SANISETTE,48.87459203532375,2.3627338349338673
gratuit,Oui,Paris,SQUARE JEAN MOULIN 75014.0,TOILETTES,48.82377533658264,2.318778523318068
gratuit,Oui,Paris,PARC GEORGES BRASSENS 75015.0,TOILETTES,48.83162153125085,2.299950913999616
gratuit,Non,Paris,PARC DES BUTTES CHAUMONT 75019.0,TOILETTES,48.87986955015693,2.3851685198892683
gratuit,Non,Paris,JARDIN DE LA GARE DE CHARONNE 75020.0,TOILETTES,48.85201539306615,2.4094169429554895
gratuit,Oui,Paris,JARDIN HENRI SAUVAGE 75018.0,TOILETTES,48.89412216072536,2.3523880449031673
gratuit,Oui,Paris,SQUARE LEOPOLD ACHILLE 75003.0,TOILETTES,48.85822475886469,2.363290758247612
gratuit,Oui,Paris,1  AVENUE RENE COTY 75014.0,SANISETTE,48.83313899250652,2.3329171443000734
gratuit,Oui,Paris,face au 1 AVENUE EMILE ET ARMAND MASSARD 75017.0,SANISETTE,48.88888267432093,2.297570046469314
gratuit,Oui,Paris,29  AVENUE MATHURIN MOREAU 75019.0,SANISETTE,48.87844763612634,2.373949704867119
gratuit,Oui,Paris,face au 107 AVENUE JEAN JAURES 75019.0,SANISETTE,48.88552389113011,2.3810149072163593
gratuit,Oui,Paris,118  BOULEVARD DE CHARONNE 75020.0,SANISETTE,48.8547611226117,2.39595516695525
gratuit,Oui,Paris,12  AVENUE DU PROFESSEUR ANDRE LEMIERE 75020.0,SANISETTE,48.85532756366961,2.415233912585556
gratuit,Oui,Paris,1  RUE PAGANINI 75020.0,SANISETTE,48.85142475093343,2.4113033441834513
gratuit,Oui,Paris,55  BOULEVARD DE SEBASTOPOL nan,SANISETTE,48.862313183032356,2.3502030809078023
gratuit,Oui,Paris,RUE D ARCOLE nan,SANISETTE,48.853812057284806,2.3492432036278004
gratuit,Oui,Paris,4  RUE JUSSIEU nan,SANISETTE,48.84622521629629,2.35487219416498
gratuit,Oui,Paris,face au 139 BOULEVARD SAINT MICHEL nan,SANISETTE,48.84175443253953,2.3374846283889914
gratuit,Oui,Paris,AVENUE DE L OBSERVATOIRE nan,SANISETTE,48.84222410041659,2.3372284244281425
gratuit,Oui,Paris,CHAMPS DE MARS avenue GENERAL FERRIE nan,SANISETTE,48.85718239169635,2.296943316091291
gratuit,Oui,Paris,face au 19 AVENUE DE FRIEDLAND nan,SANISETTE,48.874613485017605,2.3023619929824823
gratuit,Oui,Paris,135  AVENUE PARMENTIER 75011.0,SANISETTE,48.869684239435124,2.371160533263757
gratuit,Oui,Paris,57  BOULEVARD DIDEROT 75012.0,SANISETTE,48.84713481514029,2.3842073245049846
gratuit,Oui,Paris,7  RUE JOSEPH CHAILLEY 75012.0,SANISETTE,48.83322595005884,2.404014379633671
gratuit,Oui,Paris,90  COURS DE VINCENNES 75012.0,SANISETTE,48.8471076974426,2.4074787752852016
gratuit,Oui,Paris,88  RUE DE LYON 75012.0,SANISETTE,48.850846776539186,2.370285957563934
gratuit,Oui,Paris,46  AVENUE D ITALIE 75013.0,SANISETTE,48.828056558518995,2.3565324955002307
gratuit,Oui,Paris,82  BOULEVARD BRUNE 75014.0,SANISETTE,48.82524477075133,2.3158072897475734
gratuit,Non,Paris,SQUARE SAINTE-ODILE 75017.0,TOILETTES,48.88785096993109,2.29358154028354
gratuit,Oui,Paris,SQUARE LOUIS XIII 75004.0,TOILETTES,48.85522108368081,2.365276631815183
gratuit,Non,Paris,SQUARE SEVERINE 75020.0,TOILETTES,48.865186754205176,2.4097694529735363
gratuit,Non,Paris,JARDIN DU 122 RUE DES POISSONNIERS 75018.0,TOILETTES,48.89500623115916,2.353273863532805
gratuit,Non,Paris,SQUARE JULIETTE DODU 75010.0,TOILETTES,48.875669096203,2.369380499264761
gratuit,Oui,Paris,SQUARE TROUSSEAU 75012.0,TOILETTES,48.85002192132091,2.376966221720433
gratuit,Oui,Paris,SQUARE CHARLES PEGUY 75012.0,TOILETTES,48.83953772127824,2.4061405656535424
gratuit,Oui,Paris,JARDIN RACHMANINOV 75018.0,TOILETTES,48.89555859860546,2.363815451695338
gratuit,Non,Paris,SQUARE DE LA ZAC DIDOT 75014.0,TOILETTES,48.833775430556955,2.3198918719148787
gratuit,Oui,Paris,BOIS DE BOULOGNE - JARDIN DU PRE CATELAN 75016.0,TOILETTES,48.865617429829534,2.2523240882300373
gratuit,Non,Paris,PLACE HENRI FRENAY 75012.0,URINOIR,48.84510802181112,2.3757608165437056
